nome,estado,regiao,fundacao,divisao,titulosEstaduais,titulosNacionais,titulosInternacionais
ABC,RN,Nordeste,1915,Série D,55,1,0
Água Santa,SP,Sudeste,1981,Série D,0,0,0
Águia de Marabá,PA,Norte,1982,Série D,2,0,0
Alagoinhas AC,BA,Nordeste,1970,Série D,3,0,0
Altos,PI,Nordeste,2013,Série D,5,0,0
Amazonas,AM,Norte,2019,Série C,3,1,0
América-MG,MG,Sudeste,1912,Série B,16,3,0
América-RJ,RJ,Sudeste,1904,Série D,10,1,0
América-RN,RN,Nordeste,1915,Série D,39,1,0
Anápolis,GO,Centro-Oeste,1946,Série C,3,0,0
Aparecidense,GO,Centro-Oeste,1985,Série D,1,1,0
ASA,AL,Nordeste,1952,Série D,6,0,0
Athletic,MG,Sudeste,1909,Série B,0,0,0
Athletico-PR,PR,Sul,1924,Série A,27,3,3
Atlético-GO,GO,Centro-Oeste,1937,Série B,19,3,0
Atlético-MG,MG,Sudeste,1908,Série A,50,8,4
Avaí,SC,Sul,1923,Série B,19,1,0
Bahia,BA,Nordeste,1931,Série A,52,2,0
Bahia de Feira,BA,Nordeste,1937,Sem divisão,4,0,0
Bangu,RJ,Sudeste,1904,Sem divisão,4,0,0
Barra,SC,Sul,2013,Série C,3,1,0
Botafogo,RJ,Sudeste,1904,Série A,21,5,2
Botafogo-PB,PB,Nordeste,1931,Série C,31,1,0
Botafogo-SP,SP,Sudeste,1918,Série B,2,1,0
Brasília,DF,Centro-Oeste,1975,Sem divisão,10,0,0
Brasiliense,DF,Centro-Oeste,2000,Série D,12,2,0
Brusque,SC,Sul,1987,Série C,4,1,0
Campinense,PB,Nordeste,1915,Sem divisão,22,0,0
Capital,DF,Centro-Oeste,2005,Série D,2,0,0
Cascavel,PR,Sul,2008,Série D,2,0,0
Caxias,RS,Sul,1935,Série C,3,0,0
Ceará,CE,Nordeste,1914,Série B,47,0,0
Ceilândia,DF,Centro-Oeste,1978,Série D,4,0,0
Central,PE,Nordeste,1919,Série D,2,1,0
Chapecoense,SC,Sul,1973,Série A,7,1,1
Cianorte,PR,Sul,2002,Série D,2,0,0
Confiança,SE,Nordeste,1936,Série C,24,0,0
Corinthians,SP,Sudeste,1910,Série A,31,14,4
Coritiba,PR,Sul,1909,Série A,39,4,0
CRB,AL,Nordeste,1912,Série B,36,0,0
Criciúma,SC,Sul,1947,Série B,13,3,0
Cruzeiro,MG,Sudeste,1921,Série A,39,12,7
CSA,AL,Nordeste,1913,Série D,42,1,0
CSE,AL,Nordeste,1947,Série D,2,0,0
Cuiabá,MT,Centro-Oeste,2001,Série B,13,0,0
Desportiva Ferroviária,ES,Sudeste,1963,Sem divisão,20,0,0
Ferroviária,SP,Sudeste,1950,Série C,3,0,0
Ferroviário,CE,Nordeste,1933,Série D,9,2,0
Figueirense,SC,Sul,1921,Série C,18,0,0
Flamengo,RJ,Sudeste,1895,Série A,40,18,8
Flamengo-PI,PI,Nordeste,1937,Sem divisão,17,0,0
Floresta,CE,Nordeste,1954,Série C,0,0,0
Fluminense,RJ,Sudeste,1902,Série A,33,6,3
Fortaleza,CE,Nordeste,1918,Série B,47,1,0
Gama,DF,Centro-Oeste,1975,Série D,15,1,0
GE Brasil,RS,Sul,1911,Série D,4,0,0
Goiânia,GO,Centro-Oeste,1938,Sem divisão,16,0,0
Goiás,GO,Centro-Oeste,1943,Série B,29,2,0
Goiatuba,GO,Centro-Oeste,1970,Série D,6,0,0
Grêmio,RS,Sul,1903,Série A,44,9,6
Guarani,SP,Sudeste,1911,Série C,2,2,0
Guarany de Bagé,RS,Sul,1907,Série D,7,0,0
Humaitá,AC,Norte,2015,Série D,2,0,0
Independência,AC,Norte,1946,Série D,14,0,0
Inter de Limeira,SP,Sudeste,1913,Série C,5,1,0
Internacional,RS,Sul,1909,Série A,46,5,7
Itabaiana,SE,Nordeste,1938,Série C,10,0,0
Ituano,SP,Sudeste,1947,Série C,3,2,0
Jacuipense,BA,Nordeste,1965,Série D,1,0,0
Ji-Paraná,RO,Norte,1991,Sem divisão,11,0,0
Joinville,SC,Sul,1976,Série D,15,2,0
Juazeirense,BA,Nordeste,2006,Série D,1,0,0
Juventude,RS,Sul,1913,Série B,1,2,0
Juventus,SP,Sudeste,1924,Sem divisão,3,1,0
Lagarto,SE,Nordeste,2009,Série D,0,0,0
Londrina,PR,Sul,1956,Série B,8,1,0
Luverdense,MT,Centro-Oeste,2004,Série D,3,0,0
Macapá,AP,Norte,1944,Sem divisão,18,0,0
Madureira,RJ,Sudeste,1914,Série D,0,0,0
Manauara,AM,Norte,2020,Série D,1,0,0
Manaus,AM,Norte,2013,Série D,7,0,0
Maranhão,MA,Nordeste,1932,Série C,18,0,0
Marcílio Dias,SC,Sul,1919,Série D,4,0,0
Maringá,PR,Sul,2010,Série C,3,0,0
Mirassol,SP,Sudeste,1925,Série A,1,2,0
Mixto,MT,Centro-Oeste,1934,Série D,26,0,0
Moto Club,MA,Nordeste,1937,Série D,28,0,0
Nacional-AM,AM,Norte,1913,Série D,45,0,0
Náutico,PE,Nordeste,1901,Série B,24,1,0
Noroeste,SP,Sudeste,1910,Série D,5,0,0
Nova Iguaçu,RJ,Sudeste,1990,Série D,3,0,0
Novorizontino,SP,Sudeste,2010,Série B,1,0,0
Operário-MS,MS,Centro-Oeste,1938,Série D,19,0,0
Operário-MT,MT,Centro-Oeste,1949,Série D,12,0,0
Operário-PR,PR,Sul,1912,Série B,6,2,0
Osasco Sporting,SP,Sudeste,1921,Sem divisão,3,1,0
Palmeiras,SP,Sudeste,1914,Série A,27,20,6
Paraná,PR,Sul,1989,Sem divisão,9,1,0
Paranavaí,PR,Sul,1946,Sem divisão,6,0,0
Paulista,SP,Sudeste,1909,Sem divisão,2,2,0
Paysandu,PA,Norte,1914,Série C,51,3,0
Pelotas,RS,Sul,1908,Sem divisão,3,0,0
Piauí,PI,Nordeste,1948,Série D,9,0,0
Ponte Preta,SP,Sudeste,1900,Série B,2,1,0
Porto Velho,RO,Norte,2018,Série D,5,0,0
Portuguesa,SP,Sudeste,1920,Série D,6,1,0
Portuguesa-RJ,RJ,Sudeste,1924,Série D,3,0,0
Pouso Alegre,MG,Sudeste,1913,Série D,2,0,0
Primavera,SP,Sudeste,1927,Sem divisão,0,0,0
RB Bragantino,SP,Sudeste,1928,Série A,3,3,0
Remo,PA,Norte,1905,Série A,48,1,0
Retrô,PE,Nordeste,2016,Série D,0,1,0
Rio Branco-AC,AC,Norte,1919,Sem divisão,49,0,0
Rio Branco-ES,ES,Sudeste,1913,Série D,41,0,0
River-PI,PI,Nordeste,1946,Sem divisão,32,0,0
Sampaio Corrêa,MA,Nordeste,1923,Série D,37,3,0
Santa Cruz,PE,Nordeste,1914,Série C,29,1,0
Santo André,SP,Sudeste,1967,Sem divisão,5,1,0
Santos,SP,Sudeste,1912,Série A,22,10,8
São Bernardo,SP,Sudeste,2004,Série B,2,0,0
São Caetano,SP,Sudeste,1989,Sem divisão,5,0,0
São José-RS,RS,Sul,1913,Série D,2,0,0
São José-SP,SP,Sudeste,1933,Sem divisão,3,0,0
São Paulo,SP,Sudeste,1930,Série A,22,8,12
São Raimundo,RR,Norte,1963,Série D,14,0,0
Sergipe,SE,Nordeste,1909,Série D,37,0,0
Sousa,PB,Nordeste,1991,Série D,5,0,0
Sport,PE,Nordeste,1905,Série B,46,3,0
Tocantinópolis,TO,Nordeste,1989,Série D,8,0,0
Tombense,MG,Sudeste,1914,Série D,3,1,0
Treze,PB,Nordeste,1925,Série D,17,0,0
Tuna Luso,PA,Norte,1903,Série D,12,2,0
Uberlândia,MG,Sudeste,1922,Série D,3,0,0
União São João,SP,Sudeste,1981,Sem divisão,1,2,0
Vasco da Gama,RJ,Sudeste,1898,Série A,24,6,4
Velo Clube,SP,Sudeste,1910,Série D,2,0,0
Vila Nova,GO,Centro-Oeste,1943,Série B,17,3,0
Vitória,BA,Nordeste,1899,Série A,29,1,0
Vitória-ES,ES,Sudeste,1912,Série D,10,0,0
Volta Redonda,RJ,Sudeste,1976,Série C,4,2,0
XV de Piracicaba,SP,Sudeste,1913,Série D,5,1,0
Ypiranga,RS,Sul,1924,Série C,4,0,0